Group,Mag Group,Mag Avg,CosDist Sum,DotProd Sum,CosDist Sim,N1,N2,N3,Type
biti_po_volja,3.0686736067089107,1.5579227705055416,1.0044364733475057,-0.06362909620834976,0.30609213154394976,0.0916046571993755,0.09386142557030153,0.09556730514773526,1
biti_zatisniti_oko,3.428911214631434,2.110568918600614,0.9359942918440185,1.3896189883516,0.28478236654859657,0.10134381926853564,0.10461356346499018,0.12997810180391522,1
biti_na_krmilo,3.4001626835832433,1.7894415827273216,0.9093992082886712,1.6537523311279,0.34518834016753747,0.08328799530713227,0.09259461471850028,0.14222165055436897,1
sesuti_v_prah,3.444457932115632,2.0317812491731977,1.0519723015725881,-1.0911665334658995,0.4792298981862928,0.21873308990326823,0.2602581963745976,0.2619807260732169,1
skomigniti_z_rame,3.38285544068382,2.301270144160188,1.0708302111905217,-1.6542107320031385,0.1529859397365414,0.08673093995860404,0.11228917254741622,0.1301398329620851,1
vzeti_se_čas,3.397510162437913,1.7114858606662053,1.1501830380243923,-2.619848755370501,0.2406131572983014,0.10384301606017621,0.1125066813138701,0.13217129606287203,1
zamižati_na_en_oko,3.0829407910205386,1.918573473628274,0.9285655283258272,1.6900962883531407,None,0.16732691193721438,0.1928144530747038,0.23869363601264126,1
na_svet_biti_priti,3.378004944279401,1.5695167208985201,1.0357266053198035,-0.7576663008354987,None,0.055503803984912836,0.05680365005305266,0.05972033393859366,1
prav_priti,3.6907599214929983,1.7256983383050486,1.149956653249753,-1.9101893161897998,0.31618130838834935,0.04307936840266591,0.08043432094465519,0.10998327678430775,1
imeti_proti,3.48024020547421,1.8986536538289953,1.1643323942511263,-2.171741586644601,0.35963059079268106,0.10137336635285221,0.10181804248201198,0.10185744286226694,1
imeti_zadosti,3.4424116758739083,1.8866629361924039,1.0031296022141458,-0.04065147047899945,0.3809143851784734,0.08599698274070167,0.11452763042401859,0.1349064892616919,1
pomesti_pred_svoj_prag,3.02173833212489,1.917471369840768,1.1721035481024304,-3.9887384273223985,None,0.10911322789585942,0.184773486297499,0.1897549445316793,1
zamahniti_z_roka,3.0480517380363708,2.1164029808049567,1.0887832719416868,-1.7181975674806502,0.2852974437248457,0.1562774179295695,0.16229177969620945,0.17188214874941554,1
roditi_sad,3.6362312208686616,2.565475912180556,0.9171887329218152,1.5450369070918997,0.3407500467460514,0.09694621800915748,0.10289987462905559,0.11036331912964525,1
dati_ves_od_se,3.7074917714334243,1.5225804983605375,0.9179527875112472,1.8526111808727606,None,0.06302833446073486,0.10159756977977252,0.1183945587864702,1
priti_do_izraz,3.164238672407512,1.7773850277683783,1.0460023793222826,-0.7761618652342999,0.4059996220176832,0.07182824045474712,0.08071874544287438,0.13857242171251138,1
biti_res,3.7424875222902685,1.6041377066627527,0.9549873062372961,0.5404642947389999,0.29944762268995206,0.02747607769453675,0.02884138597382102,0.030053687116893046,1
biti_na_vrh,3.6944956157092275,1.722150047106406,0.9452161091833842,1.0456835384262,0.30643292487471396,0.09198302059917463,0.10389492033224879,0.10745829668197715,1
pribiti_na_križ,3.34873716852386,2.0389775923128117,1.0267346727989628,-0.5476330415571996,0.3612116585387085,0.12935150716266863,0.16041753870408004,0.1660391010804797,1
igrati_vloga,3.077429926816943,2.656975616141428,1.0655025441869044,-1.0711835780313201,0.37003691827315677,0.10974818124770058,0.13616700817452987,0.1440185032641358,1
biti_moč,3.7424615290707033,1.75580351747671,0.8896887617963202,1.4497162750403,0.3484174472946622,0.09428818203930267,0.09921418579358576,0.10153317271102646,1
ustreliti_mimo,3.4140883869428453,2.6501913226454796,1.0811160353734646,-1.4678737348851998,0.4234604711676825,0.10894588748365575,0.13085075294615278,0.14965439136878833,1
biti_malo_čez_les,2.7271269362632284,1.7632206689810073,0.943314733434377,1.0902904441170846,None,0.16267284465335086,0.188765553733665,0.19830752510806404,1
delati_družba,2.86985907646575,2.067896940180124,0.8493498257024388,1.7880888542985007,0.462906815745896,0.1642370382071292,0.17592989309180618,0.17944337861412274,1
kdo_vedeti,2.990281475487119,2.140035558955364,0.9818741767631756,0.23198547626314003,0.351132848807964,0.1507380118133148,0.15397212074148314,0.16458236334927068,1
luč_svet_ugledati,3.277279501855763,2.264344388378145,0.8776347372154432,2.7241772626299,0.2586328217755087,0.08106144627436951,0.10852296830618835,0.15301963754873715,1
držati_korak_z,3.0570747667980793,1.7303041628687743,1.0381531418384085,-0.6054524972472403,0.24101942857403844,0.11891168382195849,0.16717053454504682,0.17325627960097678,1
stopiti_v_stik,2.8302009528191205,1.9487878033644415,0.978647736522238,0.35330273569268034,0.3134546874067911,0.1165501469539244,0.13890808446219804,0.15483786126665544,1
v_igra_biti,3.635369512085203,1.6505027023122962,0.9479037836209058,0.9377611526215102,0.41989771170387247,0.0693934236385042,0.07363366967050133,0.07363748205807752,1
biti_na_volja,3.9165330256175395,1.5985007502041453,0.9356803769906352,1.20803462529186,0.39799893239803136,0.04092976095118328,0.04864580603974189,0.054891174129508946,1
najti_prostor,3.11255677325388,2.1147027104445533,0.9962182388719449,0.04978410372629999,0.3247823312836596,0.10383124266835986,0.10837294413136245,0.11463634558486235,1
obroditi_sad,2.607694483888918,2.908979020068508,0.898610830456182,1.5382214349993,0.4646554206992424,0.20980400350534112,0.21154410860988604,0.21317900003390045,1
delati_razlika,3.137631366590345,1.9902377805103828,0.886538284564296,1.4170534285043603,0.3198072111132704,0.14848793094849944,0.15994218406799454,0.1711878553629389,1
pustiti_pri_mir,2.8738059519833223,1.8296795131613652,1.0858281326508679,-1.3538900100399,0.18960168433314348,0.10761611206972832,0.13505598321165102,0.14249243409815837,1
iti_na_živec,3.3172885027596744,1.7994732335898476,1.1360050764457221,-2.4355946320518993,0.2795178929037911,0.1330096389340456,0.13604014989202473,0.13793181057683357,1
prešteti_na_prst_en_roka,3.025785985982485,1.9584857360651053,1.05693066739118,-1.6868439168906808,None,0.09772797405039202,0.12180915097060308,0.16053376528043006,1
na_misel_priti,3.239537045241787,1.6987686248641927,1.0301267590336831,-0.49738290026668025,0.3314241332724462,0.15662556454014565,0.16442316378226463,0.16469540695273177,1
trd_presti,3.482297637495148,2.39752381264874,0.8941285938658861,1.7678177673586004,0.5683643626745141,0.24719194273864775,0.2504930030252528,0.2628163505314641,1
boleti_kurec,3.8040034114999366,2.862114574566481,1.0577613211475925,-1.2577520293087003,0.325650190741149,0.20882196672561715,0.22599952168162674,0.23275265664760614,1
iti_v_pozaba,3.1759536677932676,1.7223394513047203,1.0194387642300202,-0.3189942205074997,0.44603734128195155,0.09177039935193954,0.10586290719879943,0.11258171524986138,1
dajati_videz,3.3850308192301584,2.211004786795688,1.0565831029018955,-0.8469720232713995,0.3341518549981303,0.1362116136889573,0.16414345639294914,0.17671387761109825,1
postaviti_ob_bok,2.9687300351152572,2.0256315102531017,0.9662254466016088,0.6093152113324996,0.22855670745394635,0.1554500426826514,0.20036480535319734,0.21357702114486266,1
priti_prav,3.391991429442563,1.7256983383050486,1.1184787559260416,-1.3870435850131004,0.2759495353908233,0.07906148369658073,0.0869866691269523,0.100266442873166,1
postaviti_pod_vprašaj,2.796676901804351,2.174942823828263,0.907109896516938,1.6950434741864997,0.09853296120284054,0.07453633560915018,0.10017531656372203,0.11020053812755137,1
spraviti_v_dober_volja,2.7554284755705347,1.6775048545762992,1.0309358170417295,-0.5719716585412508,None,0.09319504195114492,0.09808714453153278,0.10540702467358087,1
vzeti_čas,3.1430125820749186,1.940033420325752,1.0654947726768733,-0.7987152301920799,0.5030750538633652,0.13217129606287203,0.1462476944442005,0.1574788262493918,1
biti_plat_zvon,3.276297063865644,2.0302477423093777,0.8770195039306118,2.454086148014101,None,0.2388932529094303,0.24235349094062153,0.24638927710478886,1
vreči_čez_prag,2.9717683425386916,2.1517017573710633,1.0174876078461594,-0.33546613652240054,None,0.22377878475027635,0.26704574521611457,0.2733923337165396,1
pred_vrata_biti,3.214394368222518,1.8250454240143679,1.0512018201095197,-0.9011134891003997,0.3336272154130121,0.09019993653105884,0.10039222350079247,0.11561300871163804,1
buriti_duh,3.3138918722364594,2.5806704452720175,1.040672189522826,-0.6956622391241998,0.6622246129982499,0.12205596326522383,0.14297719031300993,0.1463488546511874,1
postaviti_na_glava,2.7737281241393323,1.9325549026019329,1.0629667707000945,-1.0125778110136003,0.21995097775265696,0.08035585780586607,0.08213270540605189,0.10072243798229252,1
prihajati_na_misel,2.5820100178269456,1.709389075947736,1.105690662310073,-1.3994478565663007,0.1855264432184885,0.08802117039142499,0.10900350700960026,0.11803246777654919,1
potegniti_nase,3.1343904940605407,2.3295147761168504,0.9307388884595118,1.0114351065971399,0.2256262708077231,0.08468053500779715,0.08551205163516962,0.1003126824816053,1
se_biti_edin,2.994045024208684,1.512062303494342,1.0436130353337538,-0.5923325261911506,0.22103786318508348,0.039008187360713764,0.04337643339462449,0.04480586787674656,1
biti_v_postopek,3.843614311061876,1.61394965067409,1.0115619409886025,-0.21517003330730014,0.4941825845566056,0.04786454127064099,0.04877798553083745,0.05643544979001469,1
najti_pot,3.719130566746487,2.156454069052732,1.128497489151236,-2.0611342260193974,0.42501293090196207,0.10264411732408452,0.12363535010475846,0.12911110860632113,1
narediti_svoj,2.7345001229047874,1.7710229100449364,1.0597580351090343,-0.5787998784939006,0.29760736248844344,0.06152136349332615,0.07379522074609846,0.07389268112912672,1
iti_v_nos,3.1206865161582713,1.6964026537774817,1.1229630358399985,-1.9528771292972,0.40954392068195744,0.1361096285171286,0.1838122926704553,0.2026661908305084,1
migniti_z_prst,3.3085669230108516,1.9871071169405368,1.0374705358584535,-0.7390475150016304,0.27355789362739186,0.1055459042739737,0.15992627426281414,0.1612571628291215,1
jasen_biti,3.5852398291902308,1.7418974779728518,0.9723730922050745,0.3450667207730999,0.39515746671545227,0.09711474776871709,0.10910724274567152,0.13162980155148718,1
vreči_iz_tir,3.208727004273467,2.12545072515995,0.9810231323548227,0.3882662075055008,0.3229203163808522,0.23779068808352677,0.24037532716223642,0.2584748290872805,1
biti_všeč,3.8352988659751146,1.821353224924449,1.0559800138351623,-0.7820893792373003,0.3493586075005316,0.034969324705972804,0.0805647338017852,0.08908258584389461,1
na_volja_biti,4.090928421020896,1.5985007502041453,0.9848605322768914,0.29700693241641185,0.42734447060706365,0.04864580603974189,0.08384014739271017,0.08876145545747849,1
priskočiti_na_pomoč,3.0139414546661403,2.1018141360220737,0.8993522573344901,1.9127332797260008,0.21154101014716148,0.10211824735120278,0.1030197916625244,0.11271899506914262,1
biti_v_čast,3.31546968666238,1.6014394651128594,0.9713408398530341,0.4564994959986003,0.36114921598479105,0.119264859182594,0.12617421296715847,0.12679672539794262,1
imeti_v_roka,2.6578966595522404,1.623234308459841,0.9873932370792017,0.1631714395578001,0.34042931818536304,0.08797287619256655,0.09824562929868719,0.10099466363576037,1
uspeti_velik_met,2.8577766252485475,2.162037993215282,0.9263900832885982,1.3644234729150992,None,0.1125202309221508,0.1456031614078368,0.14752395479920388,1
zatresti_hlače,3.8332435331852266,2.8851338559778106,1.0462744200883525,-1.0235365584226004,0.36894590973843766,0.09514528819296286,0.14748409056142298,0.16602628077029846,1
prav_biti,3.8098858388421255,1.561042183363717,1.0262867199782495,-0.31267488292929985,0.339669888921939,0.06197054882790731,0.0646900128054323,0.06569891302518371,1
najti_stik,3.7000658043030135,2.3457485969873897,0.9092067375188673,1.5760664735594,0.40880374835695393,0.14087259707698396,0.16583750066860048,0.17021058962819358,1
stvar_postaviti_na_pravi_mesto,2.6427178674039786,1.637001398117688,1.071948000460161,-1.5562830391717288,None,0.035078722098449866,0.07992942274444914,0.09793903911803525,1
v_zrak_biti,3.7131623184004434,1.7241000011830687,0.9883287937903474,0.2241523951131309,0.4277829839637669,0.05149156021431278,0.0802287766194445,0.09823590336173837,1
zapreti_poglavje,3.290200032341054,2.322463012891593,0.979155470369281,0.3185614383930563,0.2848790699079937,0.13630911535534196,0.1416694335145342,0.14356713098869678,1
zaviti_v_molk,3.1392357328552847,2.0347803774167765,1.1259234930933704,-2.4130675925593987,0.30782442612915506,0.20911536485702897,0.2143208420693664,0.23021070784593678,1
vrniti_udarec,2.7670189445151143,2.2130661158691827,0.8451888400409476,1.8960019589141497,0.36750289543847847,0.18924243152148557,0.21424566551268898,0.21675726463444434,1
na_pomoč_poklicati,3.7632388944435604,1.985695745268994,0.9623121213641939,0.8448846918094002,0.27425399197982,0.11589999445384269,0.11961158115627368,0.1221411713343703,1
rad_imeti,3.433752239809428,1.8176990301181823,1.0246457420616457,-0.30765418403330025,0.414559607958797,0.14765775948511317,0.17724328493926755,0.1829278799443954,1
res_biti,3.6971572845774436,1.6041377066627527,1.003998509752418,-0.047428318691299653,0.3237558348104965,0.02747607769453675,0.034362224771904426,0.04072891849427818,1
vzeti_nase,3.2396179701558294,2.2640277048897457,0.9953119766385888,0.06876941013069976,0.2984208089740206,0.14159164525847612,0.15082770605288287,0.15552789058777172,1
iti_predaleč,3.1349548990480365,2.030808856513701,1.016004460625063,-0.20378461064720027,0.29415528078790076,0.07603830306026815,0.11775155642504442,0.13417888682527945,1
zravnati_z_zemlja,3.3899935051175496,2.1757702565584722,1.0613233176657992,-1.3569342329633005,0.3164497235235716,0.22778144758851782,0.2401871110760847,0.2505557716830219,1
iti_v_nič,3.040845987580767,1.610229457590572,1.048181520899668,-0.7077566384247999,0.4071936819599469,0.14077633835550873,0.15987286597455974,0.1599618987902649,1
postati_jasen,3.005821804908435,2.0007559388273557,0.9601119339352066,0.4797669436491001,0.34987556372833517,0.09423504266304672,0.1269584868317627,0.13868044506860389,1
imeti_čez_glava,2.6628065461903327,1.873634119253554,1.0665163649148202,-0.9955754168104997,0.23837208850318684,0.13565591889950768,0.18394446608086235,0.18734907241630439,1
biti_pri_duša,3.479920087424853,1.5881472044619085,1.0630295222137205,-1.04502166741935,0.3128620989336293,0.10019770631470337,0.11833644115570319,0.11849443303844276,1
zaviti_v_vata,3.3530837816454073,2.22144280556111,1.1492160859286946,-3.334390345198799,0.2136251559730933,0.11407412103997361,0.11684191838755031,0.1474830216890789,1
dati_polet,3.512014247858977,2.032725259393311,1.122188071699063,-1.7445915305061404,0.36012529538106575,0.15704661328962743,0.1694119304708196,0.17003951129716832,1
biti_v_zrak,3.2498212304811687,1.7241000011830687,0.9715651816335409,0.47796229395476975,0.3841274986428976,0.13407967072857496,0.142566111919469,0.14312264563722865,1
imeti_rad,3.536814682321533,1.8176990301181823,1.0364914734940476,-0.46919748559187974,0.373018191200097,0.10099314841943041,0.10685167460014422,0.10914514294989153,1
plačevati_cena,3.6149910573961317,2.7616719905195217,0.8688318145323244,2.619014054059399,0.355811734099706,0.09844719664281021,0.09984046874062036,0.11530612310784172,1
priti_do_živ,2.8716480159220508,1.8311246603664608,0.9271548430362526,1.1491350094809,0.3496821719600351,0.1561292396696945,0.15682145208257758,0.15999428919822012,1
biti_stvar,3.298049219580103,1.6939233647411265,0.9521794087887582,0.5343131070114998,0.33107986749991475,0.04955987066534484,0.06137050848462877,0.06720479470990937,1
povedati_svoj,3.106039088084743,1.756273971387139,0.9771086911865275,0.2497467248752001,0.333385142078808,0.07656800476898318,0.07972605234154839,0.0805428896304754,1
zamenjati_stran,2.9353638202543144,1.8937358755406926,1.0022795818816919,-0.02534349673500007,0.4306931142045472,0.10324801473116363,0.1382251948351173,0.14142816707022987,1
prirasti_k_srce,3.1230476868274533,2.3191323241295345,1.0440409980881202,-0.9569352489636691,0.2802925195335986,0.21064862803312479,0.23792003549514484,0.24629225498798513,1
priti_skupaj,2.6672819534618344,1.6854494118002024,1.0256236549819127,-0.23038580773513972,0.27866128317181865,0.10722513856320948,0.108968408061071,0.11088466716367729,1
imeti_zvezan_roka,2.5871430600227856,1.94321963186231,0.9608282405439978,0.5907948044705502,0.3720348423133908,0.14272122651648178,0.20390300627367297,0.20759785834189937,1
stati_ob_stran,3.6697995126376237,1.871344881709254,0.9784582867034186,0.44381059775350024,0.29239400568664436,0.05014605524171334,0.0950061252874298,0.12543952123455948,1
izgubiti_dar_govor,2.83395193476769,1.986279134963491,0.8911288310840074,1.8385138302985995,None,0.19745310338527666,0.19787913798160173,0.20405680404453652,1
zadati_smrten_udarec,3.209189325995155,2.4694057924739323,0.885314148338452,2.7265841157084005,0.2985456463290884,0.22374049158596998,0.22693611895765042,0.22704072731887603,1
plačati_cena,3.582390339423605,2.699419206232874,0.8119821939705303,3.6364047376135997,0.3557706588306481,0.1343119040168077,0.1490237799044618,0.15064919287728384,1
obrniti_na_glava,2.898656730778493,1.962052922758654,1.0356972339914856,-0.6090645547264609,0.24733505611654005,0.10533524100389347,0.11951041527736206,0.13013824394847273,1
vzeti_pod_drobnogled,2.476562158714154,2.2363211960546874,0.9457129223486566,0.9019887713628599,0.31531571225341687,0.10610091504877617,0.1152640922510969,0.13816260798862168,1
dati_košarica,4.63148386134786,2.227343993648534,1.067236357179067,-1.3872081175894,0.5352152016160981,0.06703727785717462,0.11724145491815252,0.1336476299590852,1
vleči_na_plan,2.612975734710906,1.8882794094596733,1.1739907097181825,-2.575425245196601,0.24173602658942242,0.13886349477223503,0.14409961488382828,0.19769853301097873,1
na_ogled_biti,4.244800590788483,1.8035374430472046,0.9777967930805876,0.5099403963534004,0.4461197057103703,0.04139912037185922,0.05162112637750382,0.054224072222403774,1
bog_vedeti,3.3261124434211777,2.2500403287922666,0.8963645774531525,1.5511916112221535,0.2976305583969167,0.11371924756279839,0.13041328527519847,0.16647174841654921,1
imeti_v_misel,2.4902237858790675,1.581844764392216,1.0125962310227565,-0.14885523423564023,0.37830175603221255,0.11707283176608363,0.11832859014976416,0.13275767148260176,1
imeti_na_razpolaga,2.6013781788957564,1.7158284229622591,1.0005509542598359,-0.0073775837897001005,0.2750195381885878,0.05452873221204624,0.07078938310358629,0.07637080679464614,1
biti_v_vloga,3.1701539363904914,1.59900319800748,0.8366801647490406,2.4836470095749505,0.40330409784461707,0.11806381293969426,0.11889230867359568,0.12058927276190856,1
priti_na_zamisel,2.8654083371717722,1.6897348118995639,1.0283986625035286,-0.41250024694990023,0.27729353378170407,0.13499110912447598,0.13677007627585003,0.13679953653318955,1
priti_pod_roka,3.219571682689798,1.882318880078474,1.1615946000819248,-2.9379161467406205,0.14644587129249753,0.1086186970333628,0.11832836158210969,0.12908971094650634,1
nositi_ime,3.1229121710383123,2.2111333927369774,0.9793595018706522,0.2850525191912002,0.45479541062012135,0.1137206123930512,0.18176637115272976,0.1822048287896344,1
up_polagati_na,3.3611607506167966,2.0913753162614745,1.2482295754005568,-5.2347511445564585,0.10630823906796094,0.10028196521975008,0.10630823906796094,0.15147800664682765,1
že_vrabec_čivkati,3.3582447116070417,2.474355561386199,0.9437329715550182,1.4026511801794004,0.15316582057513795,0.15316582057513795,0.2019868195646255,0.20888795663338056,1
spremljati_do_konec_življenje,2.590786608420172,1.676273182011756,0.9560181217920912,0.7640296336467,None,0.09988000196176539,0.10007804900249695,0.10486730104975828,1
stiskati_zob,3.2518448085745293,2.6104973611488504,1.0982713434529057,-1.6684375615622802,0.478893390746674,0.2034316648317348,0.20481999772322024,0.22949414472809027,1
ujeti_v_past,3.385349259735101,1.8701039063828084,1.0347209798470358,-0.6594508698926006,0.2695927857854427,0.1339740657777655,0.16485194746731902,0.1995929027124459,1
vleči_za_nos,2.865481112217987,1.8759956206372792,0.987506941166784,0.2014741862241798,0.2795085645817022,0.16230371192324433,0.1953906268684542,0.2131996431774691,1
potegniti_črta,2.513448042455151,2.548873745910544,0.8923183792756735,1.3797163637702001,0.39445600621842025,0.16511741821477732,0.2131824348925465,0.21450815885905372,1
biti_se_moči_pomagati,2.944251993644345,1.6629743505381005,1.0075117592137761,-0.14711676898977996,None,0.07931869768697275,0.07996014594247469,0.08197202373762236,1
imeti_opravek_z,2.7543489466314384,1.634537205375602,0.9310809680835032,0.9308381909960002,0.3421970412859302,0.09719491670810199,0.09979193449168133,0.1145143542841428,1
odpreti_usta,3.4233305725539416,2.590578903294533,1.118962589825897,-2.1100175571706004,0.36115551564452014,0.1435873998987075,0.1449958981502486,0.17322576113556987,1
izgubljati_živec,2.7960793268249904,2.4246321833805884,1.0753562869587732,-1.0217504576323,0.2811732491453437,0.1501217378371963,0.152136948336268,0.1560525458766725,1
zvabiti_v_past,3.4957902500938207,1.9014835506357508,1.0368069655663879,-0.7339884216164496,0.21588705881900064,0.1880137788061611,0.19940319035875764,0.1995929027124459,1
siliti_v_ospredje,2.6945708315676336,1.775442428010153,1.1186786201853032,-1.7032952740386005,0.1918568379505369,0.079410790879752,0.08339962920796762,0.11222030706836994,1
izgubiti_živec,3.0252761276791587,2.3276903483444973,0.9983658007489091,0.02301575516499989,0.25209315849583497,0.07516480081513666,0.09395073409205401,0.11840124682901321,1
v_zrak_viseti,3.0287570392054395,2.0469602367441135,1.0764487582482007,-1.4218884719515696,0.30996474599626683,0.2206027309972164,0.22700305836156887,0.23375822698993265,1
obrniti_hrbet,2.7243004409328155,2.412816850427231,0.9146846917878626,1.1215956534659999,0.3813990250467555,0.2116727318412659,0.21836039620751735,0.22295870917570504,1
hoteti_hoteti,2.7055786794018943,2.146411578033323,1.038663470917906,-0.44905962056227955,0.3291050244422639,0.15175410975400971,0.17001897728575532,0.17234808391188539,1
briti_norec,3.558596548075116,2.724730647396872,1.012955538447587,-0.2512394262552992,0.22196508032351508,0.14425326607705546,0.18035321842473473,0.18102879860983956,1
vtisniti_v_spomin,2.982240830162983,2.1175704681845793,1.0525531793069174,-0.9956365537161,0.34290146913988034,0.19644365168760936,0.20590354173248027,0.21238404102363273,1
biti_prav,3.862734234659563,1.561042183363717,1.0472401949614023,-0.5697064607542004,0.28541232068615474,0.0219918520347413,0.02964868820761124,0.029684408969037124,1
ta_biti_tako,3.309159267280299,1.5175473869319138,0.9494851730270418,0.7610269833941599,0.21050873360862057,0.03405347263566039,0.034485303945436585,0.03712992582676522,1
iti_dol,4.189676198220465,2.2390536138204475,1.0903346089856785,-1.6948416071389985,0.3143318727478497,0.09014723283794346,0.10313530306922547,0.12243136443777469,1
stisniti_zob,3.543656569759469,2.7047521882643975,1.088993566060158,-1.7059555544176597,0.41139590483781746,0.08075990017442491,0.09388919365329784,0.10378650607180584,1
gledati_na_ura,3.1680160041422316,1.8626867294894014,1.0343176383770398,-0.6075273522643002,0.2616656265783099,0.05969297615863023,0.1081807789653747,0.11744268339229469,1
dati_beseda,3.520721620255078,1.8540111555182486,0.9147961326501904,1.1123291878867998,0.4152556777024585,0.06161538034613889,0.10693729282200948,0.10892083433829935,1
narediti_korak,2.996783385793674,2.1071575081034966,1.0708896507361956,-0.8952929910348997,0.2890259567537292,0.10464635419253832,0.11375004532572164,0.12305855589720238,1
služiti_kruh,3.412613123946705,2.4437850280428455,0.9167346084094903,1.3888155832656999,0.42378425928832664,0.0646425925893952,0.1011729879093285,0.12298449999741556,1
streljati_mimo,3.9940602242913235,2.7164510362692917,0.9764068510720866,0.5119557147320002,0.4002842263416753,0.07270168032592816,0.08717201856433454,0.08793040707443023,1
zavijati_z_oči,3.1796288902389747,2.0478324244763426,1.1399995929329403,-2.734757846813101,0.36190786853498474,0.1579452147195144,0.16373071167372033,0.16409732344752226,1
biti_kos,3.8743949614737496,1.7732180083096998,0.8685544268493108,1.8061007982662798,0.32110727575760756,0.07418962774366811,0.08093220005531132,0.08127229136197389,1
iti_od_roka,3.076879218504433,1.7226131601954433,1.0104538624036736,-0.16622496245738,0.3222602743503659,0.1907686728418282,0.1917335993891539,0.1944255513398101,1
doseči_vrh,2.8551572907915492,2.189629684235914,1.1682892079303224,-2.1041997887070405,0.5418326576240495,0.2493409106340092,0.2819750115027385,0.29377202604966657,1
imeti_pojem,3.607955556664141,1.8272737996199078,0.8585733426613341,1.8647734568141001,0.4090203215156016,0.08360012861666188,0.11598773106123517,0.1375648774990803,1
prav_imeti,3.262463703605213,1.6632555807532536,1.0656732417624157,-0.7127268633743996,0.3337486635736616,0.08652587422150604,0.08974011742430521,0.0941912388553906,1
v_roka_dobiti,3.0863077846965186,1.652678549320399,0.9453782929834466,0.8358226726225997,0.3649661602943895,0.14295014895367586,0.15726358284368203,0.17581330552307906,1
pasti_v_nemilost,2.948658878786052,1.9666839809575367,0.8825485719534736,2.043330746273001,0.361641365437446,0.06952100611776468,0.10455391346004095,0.20465502986207884,1
imeti_na_vest,3.4998375489527946,1.656513190920703,1.0638276550492698,-1.1101276731070195,0.29461128274249027,0.09809365676439297,0.12851065905932146,0.13034259944430382,1
postaviti_v_kot,2.9360356272119796,1.6296699576317013,1.029129387789334,-0.41813217996169016,0.22469028746071318,0.09804820927728208,0.10250239319555243,0.103333751892276,1
priti_na_plan,3.1430154388521685,1.8428582661759698,1.1134738786835878,-1.9717670456050016,0.260603974438035,0.09956253732121234,0.10649370095739519,0.11781579658348273,1
nič_biti_večen,3.183641848916534,1.718855484085714,1.0792014836322241,-1.3002238880136012,0.16420016860086367,0.05015640661219267,0.0644786129693814,0.07698915409282303,1
dvigniti_veliko_prah,2.4705809067454663,2.0797811383914633,1.0287397091968673,-0.44301694727449986,0.17270540387291808,0.09803255591811888,0.1489491208029231,0.15383014914694293,1
prihiteti_na_pomoč,3.715719953331903,2.075813450067909,0.8856636460939051,2.6456774136585,0.1951782707952961,0.05762321104457746,0.12017131730687991,0.13624814591384293,1
spravljati_v_smeh,2.7219271017024296,1.8687985194010788,1.0468047644698433,-0.7142500673588799,0.19866300496717748,0.09016461793390962,0.0949799653892669,0.09800575963305702,1
storiti_sila,3.241116666684285,2.038616413914137,0.8427928385794987,2.0774591958425006,0.37598208332963945,0.13392862313519838,0.14684437356014401,0.15544947525807717,1
prositi_za_beseda,3.729938690082905,1.8180417914014653,0.8606387973991952,2.83510204662418,0.23966659569883433,0.09097641318807803,0.0955064520154274,0.10532904415676836,1
dvigniti_roka_od,2.7787840431917283,1.941928416422382,0.9580338062525959,0.6793738858984599,0.1766207633082681,0.08432372878786709,0.08938724517633267,0.09867953059931056,1
kar_se_dati,2.8345178263131894,1.6048625697199863,1.0447418208435704,-0.6105931810548001,0.2623894752973861,0.07169471545208717,0.08091270057070132,0.08890181985707801,1
zadeti_žebljica_na_glavica,2.809924490741116,2.4006477561891972,0.9448862083004264,1.4871109540983005,None,0.22732458148141965,0.23207657250173064,0.24012893336046348,1
zmajevati_z_glava,2.778796307382033,2.008435015941265,1.0946602721369654,-1.5849059686587381,0.305664581899155,0.14262941276586316,0.17519260891405375,0.17877789699300506,1
držati_pest,3.3075739054748765,2.30099732554277,1.139861793964494,-2.1288975444284994,0.3780367134542803,0.08205238961328687,0.08850088522407362,0.0971562355358232,1
na_scena_stopiti,3.698778021870422,2.1132224218951934,1.0921431436667124,-2.1606665982251014,0.24708676793365694,0.12134583665995613,0.1500188170809108,0.15538680719708098,1
pocukati_za_rokav,3.5184951393117614,2.3086020713533055,1.0840884032653768,-2.0491011495009994,0.050494409977258514,0.050494409977258514,0.1538011561099739,0.16153491365749395,1
iti_na_dobro,3.095868193000519,1.6442674140634397,0.9990272926109632,0.014854511762300213,0.28338008357811706,0.08202379951681182,0.0836122374106576,0.09361803485159648,1
pljuniti_v_roka,2.834711502995852,1.9428560793030045,1.0188295414860813,-0.31110751085800054,0.49744522408816383,0.21554890935587867,0.3105686599381339,0.3107577970787715,1
imeti_na_volja,3.169332207626237,1.7113932692925162,0.9424168165911665,0.9369890358213001,0.2696545550807751,0.06272087067440169,0.07535300420690305,0.09018718889933763,1
biti_priča,3.8026878879648374,1.845618328904833,0.8734136215098884,1.7768450098007003,0.3181758346474807,0.07115422279296868,0.08660994865143867,0.0944512436833903,1
kruh_služiti,3.469168855982276,2.4437850280428455,0.9772123251649405,0.38638338959266005,0.5494466077676791,0.21982608601741527,0.22391250771325555,0.2375713240507228,1
on_mahniti,3.574695617000477,2.1359640636888066,1.0855775743208023,-1.3068416806427994,0.593154289755915,0.19404704271103967,0.20611841794352626,0.2211406537729429,1
dobiti_v_roka,2.8503729308874726,1.652678549320399,0.9606894471002967,0.5555465848552003,0.35300623813970927,0.0819616599852857,0.08526585272941134,0.08725032162165758,1
glaven_beseda_biti_imeti,2.589476627979525,1.558345137137022,0.9417859896212115,0.9396435910187102,None,0.03000340884414332,0.08361957354731342,0.09914816687204775,1
pisati_se_leto,3.398390758601144,1.6881294244198817,0.9682734794009675,0.5460378586326096,0.25725210585676234,0.10928122292783937,0.12260679678205255,0.13466120149903826,1
treniti_z_oko,2.9194669587988975,1.9094399485549054,1.0137526813945839,-0.22999489981330004,None,0.23843439978739067,0.24167994184627806,0.24170313863570447,1
biti_žal,3.845598542300253,1.6191684283406478,0.9702653739311462,0.3702955121466,0.3226035926915544,0.06437617047028799,0.06728032950808749,0.06964424652158252,1
ubrati_drug_pot,2.7790610549105983,1.9461813959829324,1.131181293389763,-2.1285044777386,0.17857978235219,0.10439518542034265,0.13919686972882928,0.14555738689865638,1
zatisniti_oko,3.571441995385652,2.7300909543134084,0.984687001566866,0.2986145402985999,0.46675559261824384,0.07295796894245155,0.09252603469664322,0.10134381926853564,1
čas_se_spreminjati,2.4009911218728845,1.771905404424051,1.093262858224373,-1.1903126876196997,0.2195228116596802,0.06992528866726389,0.07541136861018605,0.07588184436720957,1
biti_ves_iz_se,3.4222386202248156,1.4788553917271436,1.0399380301215628,-0.8085048484111,0.061313761721461635,0.061313761721461635,0.11173885591322319,0.11952582717729432,1
biti_pri_zdrav_pamet,2.794393247408199,1.7518481357552627,0.8831453231148568,2.2881793857330988,None,0.13187899512827062,0.13857863722167385,0.15181116069794653,1
držati_ob_stran,2.892870019176771,1.7694919158730147,1.0883791922785782,-1.3572154232959492,0.2042786114972821,0.0735903967918522,0.0790240125151841,0.0950061252874298,1
ne_poznati_meja,2.6986940337246383,1.8689885076232142,0.9745168159856193,0.38559840147449986,0.2361473016145722,0.09020014371287799,0.15024720778628908,0.15263702433531112,1
ostati_na_trden_tla,3.0215287536811073,1.917463651071524,1.0674704069495395,-1.5636055104209488,None,0.061645933748706416,0.15472699609416218,0.16039141952698743,1
biti_zunaj,3.4115353696856197,1.6597023634736845,1.0886201226897565,-1.0035578983243991,0.34136711009006643,0.08059742978175832,0.09657328174087931,0.1101280587734279,1
oditi_z_trebuh_za_kruh,3.1496861535955487,1.8185640337193818,1.0624230035802698,-1.787765470129271,None,0.1388372079222664,0.18618715147123865,0.18854778902909952,1
zapreti_sapa,3.2972797922419703,2.430171064973262,1.0113035863593058,-0.181150233803431,0.2745734249644138,0.11718431224660741,0.13597871838530506,0.1471969188206269,1
imeti_za_kruh,3.227254467256907,1.816539773102728,0.9781303777604224,0.38462778858079993,0.29456757676284084,0.05634548168127662,0.15042485340528144,0.16648006449074715,1
biti_v_korak_z,2.94610658206442,1.4899797176326364,0.9571092165395635,0.7531002324114001,None,0.16247839414967824,0.16365531313270043,0.1653887979251858,1
biti_jasen,3.196947136686337,1.7418974779728518,1.012829846704317,-0.14289252427525995,0.32941477573971034,0.05596866455686844,0.06619218749031286,0.0673068980992707,1
ujeti_v_zanka,2.965537021117723,1.9170534626081606,0.9246404075089618,1.2852788786128992,0.28402588898374165,0.19961744258554226,0.20823985935766265,0.2115190283126014,1
biti_mar,4.198253626497443,1.645322488972639,1.033713693040648,-0.46575339538939964,0.3573361139302134,0.04282420947434795,0.050411631793310874,0.0798654128612476,1
biti_narobe,3.6437484277537604,1.7573458726595141,0.9749986401256426,0.32018372846449994,0.3300625492513231,0.05436303597006975,0.05704056947850733,0.06904379585163012,1
vzeti_v_roka,2.598597502664093,1.7940118500175184,1.1162017389644974,-1.6251677897359,0.35509124577649465,0.15987039083890098,0.1642276069298041,0.16531641936198782,1
dvigniti_kozarec,3.524303732041492,2.650719062671841,1.1429232640901719,-2.670360853967501,0.23406972505647256,0.13009520745741843,0.13677084239722237,0.13766880980489915,1
se_praviti,3.3674814071306205,1.6235689805586908,1.0710744185153747,-0.7771757888489005,0.47720664936044793,0.09602461503176274,0.10008922642400897,0.10131313187881186,1
imeti_za_se,3.642782026159583,1.531516819887702,0.9820457289556555,0.30049966193560007,0.24443597723375185,0.08016609039419287,0.08581607728414242,0.09500035197922596,1
narobe_biti,3.439076630558287,1.7573458726595141,0.9555812452060034,0.5369025591890001,0.399739669033505,0.037983199455773886,0.09666744840328823,0.12276761971721806,1
odpreti_vrata,3.037468843542063,2.7246217856623614,0.998827272578204,0.019410875888929757,0.359073148130604,0.09972273439438639,0.11833748354965012,0.13177018078668634,1
na_volja_imeti,3.3194753110508466,1.7113932692925162,1.0288949546782542,-0.4924504456918806,0.30868378204064856,0.081646298004588,0.11064160207939211,0.12039356803005286,1
stisniti_roka,3.4344449384219278,2.52587370888153,1.0783152303295975,-1.3587652011681413,0.44244429921891953,0.11885425769109659,0.1190476786831387,0.1282552472882711,1
na_razpolaga_biti,2.7718485137879405,1.579855444787302,0.8934587296361873,1.399671012962,0.4130769713434188,0.12280759460371116,0.13916505792291922,0.16154126066709507,1
postaviti_na_noga,2.672081948156729,1.9618643570661942,1.0658352798011055,-1.0353774225006698,0.20308388186865636,0.08249204956641021,0.09141351875237524,0.09232116138457747,1
iti_po_glava,3.393269898796857,1.728492230245281,1.095939925456477,-1.6881322537312802,0.27805891972931934,0.05981303877979638,0.07020737508860542,0.0727520737172146,1
viseti_v_zrak,2.578703416731178,2.0469602367441135,1.0577840941096486,-0.91504060411379,0.37214765794132365,0.16957711305158185,0.1937517859567035,0.204000493803152,1
živeti_na_račun,2.882855001940276,1.7924042839393288,0.9893692382075667,0.1647951454891998,0.31796243582735617,0.12979450930317737,0.13963179325178188,0.14227312410513693,1
izgubiti_življenje,3.3962393701429545,2.108720578027197,0.9270161183254154,1.0453802279060005,0.39899534835958905,0.07812380484887371,0.10874496795909017,0.10954047756860252,1
vloga_odigrati,3.0558334138298506,2.695336137165011,0.9843085777801047,0.2584847426634997,0.4505853385512064,0.22156916070605326,0.23810286906919587,0.24039007229014187,1
biti_po_god,3.330888602150731,1.6778324487079483,1.0480781116317432,-0.8060785301768498,0.3458348646344431,0.10866877155639842,0.115119286507812,0.1173856063752916,1
ministrstvo_o_ta,3.6647268310093706,1.8765750595066595,0.8610610955875178,2.8665047950929603,0.4865134485962707,0.04182594666588457,0.052482372282809275,0.06183568870492362,0
tudi_vzrok,3.4885284906571368,1.8679852093883476,0.884855860759954,1.5006780856802302,0.5998045876595216,0.11808423094019815,0.14368271280494127,0.14516552220007262,0
na_regionalen_trg,4.240428483072319,2.1722660930705544,0.9359320006686253,1.7704561853447984,0.5016918406516948,0.08026223073845529,0.1311451820491627,0.13556969470826463,0
aluminij_in,4.425764799284978,2.4557773916833905,0.9483706566395389,1.1222869794919998,0.7080208035982959,0.08825752055912273,0.09176063069183604,0.10110135049269808,0
deponija_Tenetiše_biti,3.890680985410542,2.8012244791562995,0.9132622178823587,2.8359796040697,None,0.13527892530056917,0.14024933276064988,0.15083995420397778,0
ZDA_biti_sporočiti,3.809436341523113,1.8707363750835708,0.9305898652839868,1.483943799493501,0.13807677594331152,0.0664272883027408,0.06915053937005222,0.06956109791871001,0
zakon_ali,5.059982323992175,1.9830838141072955,0.9841560227453027,0.3179686298721005,0.5260692253902473,0.03830775809605824,0.041652954090763084,0.04528860101330112,0
katedra_za_obramboslovje,4.053457488745337,2.5754908682842528,0.9306455489850955,2.172107074580099,0.2715212233997591,0.1561188130079495,0.16438839678391504,0.17001847284030736,0
kajpak_biti,3.50004667591608,1.6341991469408543,0.9523065394407122,0.5455915638234997,0.41751112072739405,0.03582403600314443,0.07546992042380352,0.10364469741660454,0
merjenje_čas,2.8926233471242897,2.0883547502087265,1.177494689166399,-2.1444282525546994,0.6004494321367542,0.13801593209472995,0.17745038367341515,0.22019950434061497,0
biti_z_celjski,4.183884260756274,1.7721369815805825,0.8720028048252721,2.8470733652290905,0.4920324910020816,0.06023746084061854,0.07613956749101136,0.08152068392681933,0
zreški_pomlad_biti,3.6000803342690086,2.1042806234182376,0.9544994093967766,1.0340799955903008,0.2149399120662895,0.1823297904454918,0.19101727709069516,0.19369610488280187,0
II_novica,5.411376415627728,2.7323907831173218,0.8839712377537196,3.4312014066149983,0.36990288043968256,0.0791991070906759,0.10486872188856378,0.1280604730947258,0
na_kulten,3.9472435114909183,2.1725503066497986,1.061750671933632,-1.0590962844600007,0.6254549965289227,0.26457393204701485,0.2680410709992729,0.27031454701473345,0
da_poznati_svoj,2.8173970982628953,1.6618219215422962,0.9604533556413142,0.5554736211381996,0.30896210789076656,0.07731924061794326,0.07784355426006329,0.10130383347637029,0
tisoč_tolar_na,3.7297588870219167,2.2081097425290164,1.022276570531573,-0.5503905875897294,0.20321012478085465,0.05430990261463431,0.055932287280045734,0.06587345638667297,0
Mark_Antonij,2.949090189898064,2.6871223650590537,1.0751710582149656,-1.1913960551768,0.5379060560274416,0.2630548649621952,0.264534958613342,0.2749623774094292,0
biti_biti_18,5.090266961476423,1.572657084470971,0.9458197852261073,1.301177582535799,0.1816140205820656,0.03057931522910906,0.03304720758816093,0.03348929390300637,0
7._številka,5.279525005811489,2.417849609307836,1.0654697017075825,-1.6714542476028997,0.4127767127521115,0.013138521195718789,0.013745638202195098,0.01582537935761441,0
platnica_zadaj,3.7552577291933043,2.693542190589522,1.0544026207897972,-1.1005590484469998,0.3824007012647242,0.2375984470291923,0.25969571413649384,0.2701983985622258,0
razložiti_dr.,3.3669899807804993,2.3970666270895733,0.9136199408822487,1.39432952021542,0.4010726645858849,0.09861258530643702,0.1337935347799778,0.15102531788670448,0
moči_vključiti_v,2.691819373503187,1.6540444737410365,0.9914841653898601,0.11374742398590032,0.25778373578654057,0.07154146673797401,0.09096837081193365,0.10558612458361816,0
v_ta_vsota,3.7424557000503036,1.7061547110316166,0.9071663620393996,1.7782863812615997,0.6003924827854855,0.05421506394643749,0.0582376949335045,0.06435048660004306,0
odprt_morje,4.119099151950093,2.4751388959595424,1.1183666036917272,-2.4135761368619995,0.5269392864410113,0.05393168466240794,0.055806058443584994,0.06473794572371738,0
brez_uspeh,2.8894307869108036,1.8833598101074742,0.9366243000465132,0.6897605615178597,0.6971542571576292,0.13442362677608788,0.16821582942384772,0.18469619919799607,0
on_biti_voditelj,3.1828484993543484,1.7726227403294617,0.9062590178363394,1.5866569475330403,0.34202771453996733,0.015546911283888853,0.017146253902753927,0.020734229008222416,0
zakon_ne_biti,3.740981806174015,1.7179757683761292,0.9523498748303969,0.9187300688497998,0.3191961735044179,0.06163989342565679,0.06293430906695252,0.062952087350725,0
truditi_se_da,3.1423468291081993,1.8288903465245723,1.0554593512354637,-0.9561759692695588,0.27383346275781517,0.02977027027813517,0.029994599437286884,0.03361588079968347,0
tudi_na_lanski,3.4430590769756857,1.7260977878282506,0.976320032051899,0.42219417339270027,0.3856354027257543,0.05548141146441543,0.05822752820027599,0.07228863053975532,0
najbolj_sprejemljiv,2.4812115936609636,2.1072352117263704,0.9419049480069867,0.607499544810878,0.5014843232112155,0.041064397617632364,0.09610366716099483,0.13051338800976908,0
v_podnaslov,3.7615418808687693,1.792393445017216,0.950653764434593,0.6654007282658,0.7051000804423261,0.041298752804081795,0.18234000758378222,0.24083498958553307,0
in_o_pogoj,4.169616946962424,1.729805768183937,0.8909330371537145,2.3599781090221397,0.33664562152285993,0.12650855416147433,0.1383424324188932,0.1518782110375817,0
ozadje_kateri_biti,2.608772432493293,1.6129596960155104,0.8855196999209957,1.4451460026280805,0.23356884089800437,0.11982502559819952,0.1221874212915921,0.12378142205703746,0
delati_na_nov,3.145685084958433,1.6728522389578173,1.053364076378999,-0.8424479482715802,0.260243017951579,0.07078388639722921,0.09117894761114986,0.09738102408256,0
lastnik_zemljišče_ki,3.924253872837522,2.231615824096299,0.982189769289012,0.46791538807225985,0.19455354125183685,0.022560774671155026,0.031028389283034974,0.03161749847004636,0
on_vzeti_pod,2.917993920906182,1.8771605848500346,1.0957975498180625,-1.574205645608099,0.22520629005004397,0.10923197369565507,0.12461433867312299,0.12807249998038084,0
600_se_biti,3.8250787025433284,1.705487377166251,1.030085745992589,-0.5888042336493683,0.33464598557352154,0.09635370217877182,0.11513896166010051,0.11779792092637054,0
ostati_v_Nemčija,2.861682275960798,1.7667042975018465,1.0693955872066687,-1.0525394653885005,0.27201234858737205,0.04535863472287727,0.05048088563713815,0.058911728594542856,0
tujina_ki_biti,3.2459444521117193,1.632134902502325,0.9882264745951759,0.18712202794995078,0.3999957230255643,0.047802418746706765,0.049604818695088704,0.05366906521145465,0
uspeh_v_šola,3.45893110524858,1.853662204651837,1.022213705386596,-0.42728216862709967,0.3928229216519678,0.204188967604372,0.27910117937301715,0.28150041605391196,0
podan_pa_biti,3.980792597449875,1.7077751773519039,0.8231064747947223,3.6077251119604994,0.4330678161482911,0.046087012517807335,0.08040143280003809,0.08150556869118719,0
pravi_poslastica_ki,3.3167841442083343,1.8864420426759674,1.0342288294050925,-0.642501250292741,0.234476452604214,0.04109291283658456,0.054404891265120936,0.08365484067928763,0
biti_se_nemški,3.399474725564943,1.672595699291439,0.9948605563542139,0.08766780954450012,0.30858523312462777,0.06471221136401617,0.06930419745001393,0.06986966181427345,0
o_velik_konflikt,3.4484362516042286,1.8904067877943511,1.0022163889955318,-0.04334556915662041,0.4813873390785605,0.04630075564131608,0.11869216496371648,0.1222485937927702,0
miza_za_pet,3.7650771552316042,1.843838027632165,1.017381255560382,-0.3619920626272002,0.5356399003977349,0.1685347372386905,0.2027723126606077,0.2162767133821205,0
biti_cesten_povezava,3.2731282206048697,2.0332410494413264,1.060970471710474,-1.2172861969573998,0.19984422586745204,0.09448705533013835,0.10241566944928293,0.12041914172551549,0
imeti_le_nekaj,2.569313743211494,1.6150688780063502,0.8906470387326753,1.3613192672780294,0.1923642452598008,0.08344020433663069,0.08476255059679871,0.09719861728396517,0
opisan_vrsten_red,3.426358751394181,2.6360208808408947,1.003771299476643,-0.10218660128624008,0.16578550755853855,0.10036856969290553,0.116256487976927,0.11762053690065721,0
z_kateri_upravljati,3.0231648079009332,1.7882415784999162,1.0206090859427877,-0.3342473685852002,0.33754376430885996,0.01309994127170977,0.08412458472513962,0.10700947778263792,0
dober_pogoj_in,3.273771659604279,1.7087125537751162,0.8522309612031373,2.4798310757452207,0.4656269710032597,0.11974122754738137,0.1267039269112874,0.13786395034572219,0
on_policist_v,4.387180074208771,1.8279448900703061,0.9385020930974876,1.4795517100845497,0.6326491434811136,0.026365548189710708,0.051874268678913316,0.05851483114499023,0
uvrstiti_na_tekma,3.548405669252838,2.167645896267072,0.9129443607287091,2.0088141832483,0.17122704381885517,0.06365250337482964,0.07087242851189879,0.07442251906054775,0
ta_peticija,5.004549203498991,2.107141578160415,0.9462046650316724,1.1345752145764396,0.6254078476000966,0.03581040610526409,0.09080535776861709,0.09484033727621777,0
biti_marsikje,3.556902470719379,1.807123308583973,1.0458891380404212,-0.5899288567896996,0.49285386353640426,0.024279587695798077,0.026107361896018366,0.02847485793721083,0
imeti_zdaj_možnost,2.5733706811989143,1.6726757545917434,1.0524565876862897,-0.6773847286880599,0.2266897107534105,0.12104904990370513,0.12116231834581803,0.13004278282401915,0
izobraževalen_središče,3.527849429415364,2.6325514329047373,0.9156607456708308,1.5665586480329998,0.30062481652488093,0.027306040449318614,0.03774353005663478,0.07795776136911248,0
sprva_domnevati,3.382276020510581,2.0479340876276155,0.9273262489289952,1.0067753972103006,0.38914302951011276,0.13885674354489586,0.16816167108135893,0.1716111487279236,0
zaradi_karton_biti,3.351067783711606,2.0156637547744523,0.806924989817228,3.912448376715599,0.4085826597357654,0.0646959298841513,0.07740230648660662,0.09025243683485384,0
sam_vrag,3.142833974692068,2.036642158882145,1.0114170842412762,-0.14615758888962,0.6195483897511035,0.20738673332352142,0.2311072454140758,0.23937376621035067,0
o_stanje,3.8381236995033126,2.1109964295718258,1.1684805463318948,-2.730148210965499,0.6062003837092829,0.10907073359797248,0.11267197906665749,0.11918369841971832,0
še_odškodnina,3.8548710182948662,2.088565367885154,0.9475264242660197,0.8449452697155001,0.6776931380338826,0.046003525675090584,0.050016966745628166,0.06651385150607003,0
iz_luč,3.735122169734256,2.0297801383068323,0.9067014338095672,1.4146818290240004,0.6592849171773235,0.17659311907226194,0.2828133086884621,0.2845058789407148,0
pa_že_vedeti,2.934330553058753,1.5884591273315434,0.9713443884018529,0.40069693171616017,0.2845876321856444,0.066207429368357,0.08109182455151176,0.09076385393285413,0
črtalo_za_ustnica,3.9591970593604877,2.3390080273310763,1.0353852407793613,-0.9830650138883289,0.12976433209483215,0.08828699756477398,0.1097098925678579,0.1143857390834484,0
dolg_do_država,2.9714230490159084,1.900722340744048,1.0533026222835433,-0.9031356734670001,0.2979118827636987,0.1427464762169277,0.14723985832468556,0.17583614773496758,0
kar_se_že,2.08600886149079,1.5780173966094426,0.9601065972891107,0.39395831522477,0.3207083040808901,0.12780524896627088,0.15712826631163246,0.17298000047213735,0
kar_priti,3.445880028284175,1.655297058567894,1.0434209336161209,-0.49534210932153006,0.4450648599188955,0.07656361646861698,0.08741955842998572,0.08892119669831144,0
uporabljati_biti_tudi,2.9369048928427457,1.6494478818006868,1.0035819430090174,-0.05205571388579947,0.285390711740728,0.01303371911815554,0.0284118274558377,0.030287124543273647,0
stanje_sanirati,3.324778544753319,2.6134277374139843,0.9903676964204844,0.16739149064510023,0.3497271796519925,0.14963847601924274,0.20511508004151457,0.20749896283114033,0
rod_vojska,3.9454337465629314,2.5485460518109733,0.9179548863664868,1.6499468599484002,0.29009744407205784,0.15731241539310448,0.1713612423188191,0.1797356647739069,0
na_svoj_razstaven,3.4692620324603696,1.9125775879415867,0.856427804269549,2.8579048311348405,0.46419929687787564,0.07200414411598377,0.0943891553145153,0.09961217989857263,0
na_ponedeljkov_skupščina,3.4790026620993024,2.220344662454908,0.9708421865829968,0.6756960237141995,0.22509066244424947,0.12717488373371588,0.1496727856673612,0.15080591030141566,0
ugotoviti_biti,3.4328712368731757,1.706351892156189,0.900689894048077,1.1634549002435,0.3950233954292738,0.012162477959378304,0.01579459356207491,0.02667607635596614,0
ves_verjetnost_se,2.460444103057405,1.604227305549088,1.0601206453126992,-0.7119086920470997,0.46522837851662086,0.11079712085970361,0.12142975603358641,0.12655112480265462,0
mejen_prehod_ki,3.901022079007121,2.4132412856298995,1.137537166640626,-3.884369031355631,0.11539044903514051,0.039750158952605474,0.039893644459160105,0.04155327324451963,0
ves_ta_primer,2.957406932880205,1.5394048514054826,1.0202649761585159,-0.2767778232089496,0.2552365357262365,0.05288618630584063,0.05639304181395677,0.05860144723638361,0
ki_štrleti_iz,3.5794251195950437,1.9895321985746415,0.9861546105323612,0.2957949024009998,0.47420766869459763,0.06608059298753066,0.22626114742504821,0.23483357610526656,0
pokojnina_z_plača,4.93322909399506,2.619007136271688,0.9213856543858693,3.0471302902244988,0.1870781271194148,0.06383295330968142,0.074015476722751,0.07591083886786743,0
dva_iz,4.221169960129207,1.7993582142848128,0.8881754232541388,1.6987040740689008,0.6888443955186376,0.15017869947625406,0.2022967267799256,0.20385506392089048,0
želeti_biti_le,3.047502821633353,1.5542643743325997,1.0548389096125688,-0.7792540616454,0.1985214734700069,0.017506793156609635,0.019903227233349807,0.020918817237865373,0
navodilo_iz,3.965609979049251,2.072616827980218,1.1020819481130795,-1.6780618492789994,0.6900893432325396,0.12219771080462272,0.12359811453671743,0.15176788265228902,0
rojstvo_otrok,3.788224953421887,2.65470086691234,0.9046642609916293,1.9175075614571997,0.39120838029196975,0.03444657585065636,0.05716077107335771,0.05729076969508118,0
tudi_antibiotik,4.050071890452088,2.4051196806303996,0.8690748190563451,2.550660183233001,0.6570995237601694,0.04979403743455402,0.05622187336489992,0.06285775657361692,0
za_splošen_razprava,3.5966836331311325,1.8803828677226078,0.9100974406377715,1.8240714020840996,0.23743761014905,0.044812169401076796,0.058619177090967756,0.0641253339139567,0
vinogradništvo_in_vinarstvo,4.295682913148337,2.6760311142715194,0.9541032165117896,1.5828030568762603,0.07761190386940131,0.04517374530324936,0.06646868778987614,0.06800350264529642,0
toploten_izolacija,5.024126411898777,3.3971015269266336,1.0084649380895732,-0.2889501115568998,0.17824692765622746,0.01306533784137709,0.021181612852675502,0.0317464239107178,0
z_alergija,4.923251966730068,2.3003282157047353,0.9339683198871129,1.4956301549985,0.7411919994874311,0.05040068610438664,0.06665689644168782,0.07150242743315349,0
datum_ulov,4.990794788909177,2.80287727677377,0.8058806977581763,5.4309088382414,0.35613936369279975,0.07841917324950443,0.2003660827571604,0.20071561315800945,0
izpiten_pola_2,6.286135943371252,2.720295524225192,0.9984024023778304,0.08195746481729005,0.015640859224586207,0.008759829823367316,0.009215673438373262,0.021985967607572654,0
zakaj_imeti_ves,3.2086601649866604,1.6099576296653015,1.0703059218084512,-1.0895604508402905,0.28663983104183655,0.023899618265519895,0.027724631624708618,0.03005998928344078,0
prenehanje_veljavnost,5.14829984004725,3.3527830004278685,0.9523387599368255,1.6453739296453995,0.14501874228958483,0.01663532065406481,0.017788928467039278,0.020614158596943932,0
poslanski_skupina_tudi,3.785689903956248,2.1991753368556033,1.0038282823174163,-0.09561589738112128,0.06065971636109386,0.014931158763169528,0.01748510241925727,0.020133319396742344,0
kateri_že_imeti,2.5438298035512443,1.5447949988502763,1.0826316931257007,-0.9741521923903654,0.26988620812402686,0.11386858984530923,0.11637134012106232,0.12075575487320012,0
se_lahko_pripraviti,3.1237815568691762,1.6999507378902674,1.0854823412174306,-1.3618041576466402,0.35017086101076716,0.02045472259553749,0.02053321981235301,0.021976900343821715,0
vsedanes_TV_dnevnik,7.694047787014806,3.8279868982706606,0.8245924084130163,15.4986889502361,0.11183625210998177,0.019759656204725085,0.02249797274421028,0.026208071280660605,0
drug_krog_pogajanje,3.9973619251027293,2.0139548950598902,1.0533945975648051,-1.289560682924301,0.3114466508705653,0.015791723629484,0.04993476679281472,0.06288247513919298,0
marketing_nov,4.850366122947287,2.2859439590946247,0.8382536825014746,3.58677801150462,0.6696378705875851,0.09431284695418407,0.09612566527769317,0.1486685919370917,0
priti_dolgo,3.112587529173291,1.918869654063965,1.0786419192356087,-0.9394012793653996,0.2269767547800662,0.07547842437092434,0.08977617527606851,0.0966164318732029,0
ki_on_služiti,3.05032570160744,1.660868193760142,1.0098594796231757,-0.14984995981620072,0.38996645617373943,0.0966431707494595,0.10242673537293756,0.1102871742992394,0
najbrž_se_strinjati,2.5840363457380415,1.6783608010519289,1.0743495867080146,-0.9673502743845306,0.16759703336551965,0.11052906824613373,0.11289813885673428,0.11490211113186677,0
biti_potekati_v,3.9986206674914917,1.7019055546727158,1.0696989133954726,-1.4229607610773995,0.3685171002897386,0.02292836040758761,0.025852072999552167,0.026345651183301344,0
v_izločilen_dvoboj,3.988842791352148,2.3599386474409667,0.8179560586270784,5.140970563343401,0.15766406396096683,0.03826260168324913,0.05257781765195113,0.06644930231798019,0
nikoli_biti_zares,2.6751396779444017,1.7535743914793611,1.0744361221893282,-1.04755214950325,0.12111693005834086,0.05249758087555145,0.056702006809225325,0.06007301043858715,0
biti_Pahor_na,4.175681641106468,1.7672924231072407,0.9187163531286173,1.7995347220799,0.5021888944953511,0.048820936919939606,0.07078715267371671,0.07929824396164908,0
vse_več_on,2.893069423859033,1.5921601863338837,1.1171732970387411,-1.6191814515236902,0.3368250094068295,0.12556007530981883,0.15202928216265343,0.16514863977154004,0
biti_biti_prijet,3.9855813899945947,1.7757053672366279,1.0626833035356846,-1.330870262225,0.16096099146344903,0.030066120271334706,0.04672757951575757,0.05130596814744781,0
biti_aktivirati,3.3575495763030694,1.9330848603564674,0.963944711993832,0.4680285199516998,0.45468396374328696,0.08858745050511008,0.16142632544913926,0.1664667645048027,0
od_začetek_še,2.6627962407093655,1.5919632284817316,0.9417047573834747,0.7413534894585001,0.36967824608623007,0.11490810183616929,0.11888710074812048,0.17907111744281623,0
3_20,4.865311354807468,2.6222460339466953,1.0111510732597058,-0.2845317532983503,0.49982279682835623,0.1737996304332653,0.1761267185750085,0.17684111457895801,0
in_tam_živeti,3.3195523194791456,1.7800983728027255,1.07112939653965,-1.26093848513778,0.24411740640855148,0.08557447457734368,0.08593760590414623,0.09440600472889149,0
čudež_narava,3.3509399071880774,2.2115925887069476,0.9214531804923023,1.1642074273159004,0.3727964326274938,0.1568989367193656,0.18917755321914975,0.20054550213569133,0
vedeti_povedati_da,3.189527246869846,1.8543774874463885,0.9754540281041749,0.43553789728539044,0.1585335298075146,0.02915546271924241,0.03755401670887626,0.03879520832876371,0
na_hitro_povedati,2.8563117148530432,1.678320131561515,1.0445706043115008,-0.6409884179830007,0.28207195685893494,0.09697503478332647,0.12488542926062662,0.13191331224508906,0
v_svet_doživetje,2.895585616711376,1.836105932815592,1.039614667845716,-0.6318462585530498,0.44363710325321154,0.11890114453949063,0.12088763448965822,0.13738761234242536,0
sam_biti_iti,3.688876277198021,1.5846036594421427,1.0293565395570918,-0.5148027520886296,0.1214534300091087,0.032432118127177834,0.03544905281642863,0.03817826413910841,0
neznano_kam,3.941429377439935,2.74089717589875,1.0461409712363705,-0.9969266831430994,0.619442127187909,0.08967883527567333,0.09086631391975031,0.10116984134572271,0
če_biti_prebrati,3.4459517094515757,1.6990034909624416,0.9420367691674166,1.0180691976572995,0.3013198542468539,0.02080884879610334,0.02772716053571167,0.028806065509681233,0
primer_ta_kako,2.8109610302624475,1.629284519576602,0.957541545517471,0.5833607323227001,0.18895815005153216,0.04722972910726542,0.08042015903460309,0.11453796373230474,0
prvič_srečati_šele,2.8038321554837866,1.9487011597772579,0.9383867361832328,1.00993337760821,0.06709244355116636,0.046525473101073134,0.059680146739070294,0.06848378633457741,0
pa_biti_ljubezen,2.9621658370126287,1.6499101701989316,0.9948663050729377,0.07526983777994023,0.432077583819946,0.009934368505318592,0.019012370231989317,0.02192029805696294,0
še_kdo_na,2.942814660107036,1.585836090781563,0.836777122186347,2.2851962026273998,0.45133749943045587,0.1697199144711845,0.18446643695978193,0.19218241508863554,0
kako_biti_pa,3.748861763122345,1.5323123531261293,0.976985630398437,0.3966131114855997,0.16986195231536386,0.02033859830877438,0.03425608304048677,0.03752040090722841,0
imeti_letos,3.352582073156182,1.7015151572279452,0.938160959972562,0.7055178000362996,0.44222290793687946,0.03930500830297168,0.04005055484700115,0.054049028348269856,0
izpostaviti_da_se,3.019608793918445,1.6871127930482657,1.0935842771083344,-1.4302730147719995,0.4053886431984154,0.06893228302509657,0.08189338992095396,0.08216449934393277,0
biti_razporejen_na,3.2803653546907428,1.8000449278586366,0.9160343932748557,1.4874016078491503,0.4552084811883746,0.04268267018946048,0.047946844991247906,0.06396730330968392,0
ta_skandinavski_država,3.1881819975298837,1.9513995561450659,1.021242915497381,-0.39648310266549974,0.32899667907893315,0.025682825639128826,0.02650210259889041,0.0341623110170276,0
9_do,4.675078743708877,2.2613698091823595,1.0223873734017224,-0.47336229144759995,0.5862293153502092,0.16580545676308334,0.23045240199273365,0.23431795846906522,0
v_svet_namreč,2.637651423135662,1.58327275240755,0.9719535428593362,0.35137624881216006,0.3557259550996137,0.08707903129053529,0.14948121941855053,0.18394471100909904,0
pripravljalen_tekma_proti,3.7938556984275555,2.458976457747122,0.9352732925440486,1.8115067201278006,0.09451862823896073,0.015119934911977051,0.02294088973827213,0.024235155525631713,0
biti_drug_velik,3.2827093192222847,1.516637681343928,0.9836639701820844,0.24399562667798025,0.23387182798985898,0.11433737578042269,0.11801999314255862,0.11943019872573146,0
glede_na_zdajšnji,2.708916640472556,1.738686894352531,0.9930383377473265,0.09836740755120041,0.40855693498604684,0.13134134811796838,0.1950149202464777,0.20020964511819317,0
in_moderno,3.2695636937186556,1.9409650264013978,0.9592402756454205,0.5173312892835994,0.6099519473027968,0.1675461805818107,0.18040529257289784,0.22019160729542342,0
kako_globoko_v,2.7118719114334326,1.7428585274823063,0.9972435439566744,0.03908441666732994,0.39224431076407346,0.08202242040586494,0.09501569387536091,0.12208830800991965,0
biti_že_uveljavljen,2.735086260304515,1.6919818006041996,1.079028688706327,-1.097167023168701,0.4046040268537424,0.1003782974174332,0.11604150100957566,0.11622530533207531,0
in_opazen,3.873774752324477,1.836269643681688,1.0816166502019766,-1.1611266170103403,0.6305487780054048,0.18258297673419033,0.22980484659750366,0.23169878626771423,0
že_zelo_zgodaj,2.995000174651297,1.92949566471519,0.8873978118235701,1.9521300376430006,0.3420816188888004,0.08796560472071346,0.13274439779464908,0.1545907458885073,0
delo_le,3.245873752697699,1.67220183204802,0.9664413202445792,0.36429665319579996,0.5634813478533524,0.19669258829727332,0.2782544221045534,0.28279843429871865,0
leto_1930_in,3.7788913083089484,1.875529850802084,0.9119713164718892,1.8716896681703001,0.3314894857200958,0.0714051516793538,0.09963438507487299,0.11136855111798138,0
v_lev_ovinek,5.61805315411989,2.2411891787717613,1.0048822020945287,-0.18441717635410432,0.2067312094959103,0.03841598824301329,0.04393090866543381,0.04913483266492036,0
biti_namreč_že,2.9861979132041347,1.5487538459601482,0.9425780835725613,0.7967093664973497,0.2558552685070527,0.09705067905970355,0.09860141713933945,0.10386866654535842,0
urejati_finančen_poslovanje,3.8102635642110116,2.52738330524194,0.8574305052414579,4.118831215473201,0.07991092151629083,0.06196300212350203,0.06400052083792396,0.06503327648138946,0
za_dober_mesto,3.124378561030217,1.7166975227870895,0.8951681515052258,1.6868323760645507,0.3350199306492501,0.11476828665083727,0.1250393275134709,0.139666432881573,0
biti_potem_zaradi,2.7147241551531525,1.6126718651962366,1.0411414662851899,-0.5403469907170004,0.2452845468342334,0.11434245650070829,0.11513671837816675,0.13340362699196895,0
tudi_sicer_morati,2.4562467410203497,1.5425224110195348,1.0081471655981713,-0.09260432544269984,0.21877534920451155,0.08830741581350332,0.09619384821348698,0.11995115994079397,0
toda_prepričan_biti,2.9309841798853244,1.6955198490533412,0.9402294573970872,0.8910966393504604,0.24716078876844763,0.05929723477744342,0.07207116594945195,0.0749249552920429,0
iz_18_država,3.6903401170329087,1.83053839236205,0.9433841436896423,1.14737285605523,0.294561885855053,0.09732605589797749,0.12142381650748202,0.13459471402578715,0
na_pot_domov,3.177075487614199,2.0246710918231603,1.182011606028896,-3.5123869298745998,0.2650800252424411,0.07474418447902942,0.08008379382128805,0.08828399179477997,0
med_mlad_pa,3.230955156866891,1.6015756818496754,0.9651198245791454,0.5414748771737597,0.443151815347833,0.1258440518008429,0.13686640806387318,0.1508044036732732,0
za_povabilo_na,3.5422848703209544,1.7364442436947336,0.8720575121257368,2.3609151184415,0.5679820037399725,0.08501135903477652,0.08727609513271994,0.08917212351132253,0
in_pogledati_kje,3.2866539585655206,1.7324496036025907,0.9649122573006086,0.5993648573879105,0.13698927299683228,0.046233934629019036,0.058766419533478054,0.07041102465529603,0
onemogočiti_dostop_do,2.9944015109423945,2.287623661901014,1.0578460234667102,-1.1887468452345689,0.2238240401620851,0.06393489950003162,0.07832752166138557,0.08207983608089597,0
in_godalo,3.94948012739637,2.360940145894254,0.8801069854499234,2.2358815164632997,0.6097240083953656,0.0978964981865561,0.20438393402584143,0.22707925490916092,0
v_hotedršica,3.1345381303485143,2.1906750212289388,0.9127097847529115,1.1988009366736998,0.7256051103543638,0.2690758671733845,0.28227770926407203,0.29539940614971316,0
ločeno_od,3.7445413408943624,2.107428571980401,1.022410832388793,-0.35370359721866,0.70105208001492,0.13690829872334143,0.2780172747967977,0.3201498251395969,0
lahko_še_drug,2.3705922175361698,1.535255311853318,0.9371993966644759,0.6856816604835578,0.24217440960126707,0.13353380115483104,0.14598152855608548,0.154177250164103,0
kulturen_antropologija,4.079251651801257,3.0181158588438293,1.0005530358724997,-0.013617572736999796,0.32545657078757534,0.017864452950938525,0.07940831050731256,0.10952460631788896,0
prenosen_telefon_ki,3.703126969098008,2.389416829707296,0.8730957695927195,3.3686653985986004,0.13039075973417197,0.052568583862628415,0.06147338408967551,0.06356106115406512,0
del_biti_biti,4.285173524378892,1.5595256248690588,0.9188745465171944,1.6264447700175,0.1662422709200926,0.04486963843425962,0.04752713858605351,0.0482061592403813,0
biti_imeti_sreča,3.2458510813846115,1.6427451812991507,0.9899322393181006,0.1610471081556999,0.1872151063970489,0.058616656402410094,0.06440784991995252,0.06495490628147649,0
potem_pa_že,2.435122318773293,1.5907971166751251,1.0270398229075408,-0.3142394268528996,0.2528769430952345,0.10547532809270566,0.10633605071416641,0.11871763553396408,0
leto_2008_ta,3.5066594289750808,1.8160146986823726,0.9308198395551164,1.321647892267099,0.22331521631778375,0.057933737512566585,0.07211438323858443,0.07864703341057322,0
biti_do_naslov,3.2528583793085892,1.707928412922593,0.9789285897098723,0.3511960942759803,0.31584786921387503,0.06875559674082798,0.07192312393987133,0.08273732052466998,0
mali_matura,4.778325987000152,2.481213634545285,0.9870676241091791,0.30665372800720003,0.6955183208007615,0.07972294933683322,0.09218419972531378,0.09393418461215408,0
štirje_otrok_biti,3.1925425639261906,1.7419624991350389,0.894945751282944,1.7527112467735002,0.2688346543326,0.0328044912992953,0.07346963717925303,0.07748449472030872,0
fakulteta_in_na,4.088798744230891,1.8745089124688379,1.0035394293965902,-0.0813837603278304,0.5931732738191711,0.03143874816522696,0.03499964573742542,0.0503245748300718,0
ta_biti_naravnost,3.0166502550270895,1.6219770564753488,1.030817618505379,-0.4523660438354007,0.29720785862960436,0.014895313199989602,0.017867985617520454,0.02057508508580419,0
mladinski_turizem,3.4825371842914086,2.7175278724124055,0.856000281909675,2.7255955212017002,0.3229610301411217,0.1485738034818681,0.15103752097778522,0.1628315050683734,0
zaradi_velik_konkurenca,2.650608750113709,1.9501119311880877,0.898018304580942,1.5814251787993001,0.2769952578475108,0.059419950408132416,0.06319582505105059,0.06768497946257013,0
en_od_letošnji,3.143946603203635,1.7735758318373014,0.920340391612045,1.3325525517018328,0.4666386254899396,0.058273877540403474,0.07184170919689692,0.10156605745986313,0
pripravljen_narediti_da,2.833506383061051,1.803968194451878,1.1053325610215183,-1.6152396613027797,0.12445430724782823,0.012730103987201535,0.02010943164507839,0.059749449058890236,0
velikost_biti,4.314914278468555,1.9572222690791403,0.850691597869504,2.5218924657781,0.5594098840472679,0.026542666103303802,0.03945405894025622,0.06239094556527103,0
veljati_pa,3.662490731216638,1.6310925241984606,1.0838759528378867,-1.0021266092041996,0.5778011797525362,0.05099433926437069,0.058573340811232,0.06756604252108789,0
na_zadnji_občen,4.033730544166274,1.986265210993478,0.9190210583121561,1.9464240907508001,0.4142152638762102,0.07665663883709084,0.10939335494952174,0.12254785215848496,0
se_takoj,3.061344308800705,1.8098097493932772,1.0513907736202226,-0.5694561031993994,0.5368345696124248,0.10883428726810462,0.10888058381369603,0.1106015641580792,0
za_njun_razmerje,3.249697469746605,1.84836092890878,1.001829471314075,-0.03296678311128018,0.19324146418274635,0.039663485581809765,0.06811377040626587,0.09663906973988245,0
čas_biti_delati,3.2180405265913508,1.6765129993134757,1.0586226587816576,-0.9488229933507997,0.13605693253615656,0.034876268526413234,0.03494580764414501,0.037113765260941234,0
navijati_za_tisti,3.554938648215253,1.7900158568458837,1.0753503514859872,-1.4384525001564994,0.25880501870383965,0.03750814936843827,0.043476453545814864,0.052046854841374834,0
ta_cilj_doseči,2.8421838811426325,1.874955704090111,1.2131916291759246,-3.408274672078659,0.3082270639172846,0.11194089889863001,0.13442757754547774,0.17834345370879956,0
med_država_biti,3.562231928865245,1.625964849317444,1.0185625374474827,-0.3225462092066998,0.4139805339510284,0.04096850571470678,0.06677223012244615,0.06683647124896464,0
izbran_šola,3.7832189605795485,2.158229428544693,0.8986593444010229,1.6549039511204993,0.35629324818222957,0.15616007989891634,0.16099180583088402,0.16136045069986438,0
biti_biti_nesporen,3.514386328564039,1.5982965495059498,1.018694890828224,-0.3150293744013803,0.20950945589838313,0.0443371489513128,0.07333353591617486,0.07666788686370829,0
obrniti_in_se,3.6689614466862417,1.6542504182324922,1.0843975072616052,-1.5367218830021987,0.3527436567450569,0.03355910948857377,0.04668247575582518,0.05344624810752974,0
predstaviti_dr.,4.060164901528687,2.5581358514491406,0.8828589765104675,2.4333595627946,0.3266147255452697,0.05863351733276678,0.09760065983521415,0.09874449429552279,0
čez_dva_leto,2.812371280087805,1.8666446786821222,0.9176917682536545,1.2962800502158995,0.2946238991435444,0.11725610832367872,0.14014813248692282,0.15632475445814786,0
za_sadje_in,4.953350253257485,1.8579447829709363,0.9325936524175105,1.8610322164093998,0.591827157212386,0.07692830231203673,0.07793272241355209,0.08415832835910553,0
ki_še_tako,2.8379287423966906,1.5240359347062407,1.0137717714715815,-0.17869308879820006,0.28930393709027347,0.13443729808382776,0.1457118571429894,0.14702223793973868,0
Škot_se_biti,3.8051101859476972,1.8220296779150862,1.157225734960791,-3.2701492338475004,0.32296087619519914,0.10273757665856142,0.10518384690599669,0.10921365637214009,0
dober_pol_stoletje,2.866271224098879,2.0294472625253213,1.0622647380894443,-1.0865719115700498,0.24393678497579127,0.05507597136475828,0.06866869742734594,0.07292495785749309,0
na_položaj_desen,2.9856925418546965,2.126486704826918,1.0111061896923397,-0.21154077771110003,0.24686955571974387,0.15521925509861567,0.16770715201143582,0.1677954215520402,0
biti_nov_ekipa,3.3148615594711477,1.7189477521945626,1.0098059336598055,-0.16762480179367964,0.31697887479161796,0.07762672534023385,0.130333437477833,0.13855971587334126,0
biti_kakovosten,3.3770106419357053,1.9072451520216183,0.8500815261174004,1.9311859678044003,0.4865227630513353,0.01567162120613974,0.02414771149708861,0.041927230526912496,0
petek_17._december,3.462929251236682,2.5157510445124975,1.0724652212487915,-1.893922300432796,0.13019149013005044,0.0725653300360023,0.0866205790532516,0.08677224498898461,0
v_isti_ulica,3.116137382956127,1.8271630635065816,1.0410803416894778,-0.7016963309083,0.4279982889247287,0.07758321098389309,0.09813638844253791,0.14243008880003616,0
kozarec_konjak,3.3774941968964,3.304310595799877,1.1431515797816956,-3.195226249150311,0.25236043244765977,0.17587753016388352,0.17811633021906992,0.18458654404100416,0
še_biti_izbrati,3.052753906725041,1.6115499861692615,0.9183864646979857,1.2045338858318992,0.24853922705102838,0.044825414152212306,0.04598565581257541,0.04668340588912956,0
novembrski_volitev,3.866727237444904,2.829434012871911,0.9321439615098499,1.4847782758609998,0.20710975550294988,0.05040712225118038,0.08483083111811152,0.08705980942176472,0
ki_on_prek,3.3965685313800775,1.8321496974059281,1.0240694909023684,-0.44935491474720063,0.3940696419222349,0.11653251735425896,0.11921720611268549,0.12603771643340023,0
biti_preživeti_skupaj,2.9013389202828406,1.7049915882363194,1.0189862108603043,-0.2817605972310997,0.1725535408304499,0.04920211272883113,0.05673759774451559,0.05849199908479008,0
dirka_biti_na,4.637281398986452,1.981585443990769,0.9554973068952372,1.226828346396401,0.38194193025644896,0.008123324494421102,0.01033940653143095,0.01603251441100806,0
biti_stati_nasproti,3.9916789192719704,1.9154711587812618,1.014770525608002,-0.3388039167020497,0.22031330046492964,0.03192142454814251,0.059484810707845504,0.06138244519180369,0
gostujoč_nogometaš,4.089118351842951,2.881831578099703,0.9709464209045849,0.6847434910264001,0.2519175603531538,0.1268736163588583,0.1300574314092784,0.13049813171740654,0
se_dva_dan,3.072155621598976,1.6125517314067639,1.1021370525832732,-1.5179638987780997,0.33637035036195145,0.15044521718101778,0.17434409855564137,0.17618065586572762,0
lahko_zaradi_jaz,2.7450786847624027,1.6508750167495816,1.070845807600841,-0.9631732286593997,0.2639251909873806,0.11920371515629635,0.1340957270563532,0.13869266536867153,0
prihodnost_biti_pokazati,2.669134752022835,1.6907691789682082,0.9576732011770176,0.5730486596062,0.16947240667154045,0.05947131374393966,0.06120312133406791,0.06258206022473733,0
latinski_ime,3.699188678228761,2.4944311532756505,1.081457847310536,-1.5032836343241998,0.46463602036029056,0.17584914543080998,0.20082080738896513,0.20490307396039142,0
po_njegov_pojasnilo,2.7282854579384583,1.6445519120599685,0.9890070529008365,0.14796969817849956,0.3416511003641657,0.09010990300089583,0.13068834337478508,0.1484190023010229,0
kot_da_med,2.656381798112856,1.5337291636112518,1.008210943971866,-0.10035835055615006,0.3363771127122598,0.19368916065214248,0.20961716976265998,0.21052565135170742,0
družinski_zakonik_in,3.689606300324233,2.1686700921412876,0.9876052147337033,0.2975320669900292,0.232727191172315,0.018854774054515078,0.022069720739711363,0.023413721843732582,0
biti_lepo_vzgojen,3.036839579150337,1.913608887915711,0.9079277454460543,1.6051848896138996,0.27246757922296405,0.13138046190911679,0.16745700846028144,0.17255753673510366,0
